Workbook

Sheet Prorrateo General
A1: Flete BL | B1: TOTAL FOB FACTURAS | C1: VALOR FACTURA | D1: % | E1: Valor Flete | F1: Valor Prima | G1: Cif | H1: DERECHOS | I1: IVA | J1: Referencia | K1: Monto asegurado | L1: Fecha Embarque | M1: Despacho | N1: Numero Factura
A2: 2000 | B2: 0 | C2: 39960 | D2: =+C2/$C$52 -> 1 | E2: =+$A$2*D2 -> 2000 | F2: =+K2*0.05776% -> 27.87151 | G2: =(C2+E2+F2) -> 41987.872 | H2: =+(F2+E2+C2)*$B$7 -> 2519.2723 | I2: =(G2+H2)*19% -> 8456.3573 | J2: 54415CLFA/25J09-1 | K2: =+(E2+C2)*1.15 -> 48254 | L2: 45441 | M2: 700603 | N2: BN25157785
C3: 0 | D3: =+C3/$C$52 -> 0 | E3: =+$A$2*D3 -> 0 | F3: =+K3*0.05776% -> 0 | G3: =(C3+E3+F3) -> 0 | H3: =+(F3+E3+C3)*$B$7 -> 0 | I3: =(G3+H3)*19% -> 0 | J3: 0 | K3: =+(E3+C3)*1.15 -> 0 | L3: 0 | M3: 0 | N3: 0
C4: 0 | D4: =+C4/$C$52 -> 0 | E4: =+$A$2*D4 -> 0 | F4: =+K4*0.05776% -> 0 | G4: =(C4+E4+F4) -> 0 | H4: =+(F4+E4+C4)*$B$7 -> 0 | I4: =(G4+H4)*19% -> 0 | J4: 0 | K4: =+(E4+C4)*1.15 -> 0 | L4: 0 | M4: 0 | N4: 0
A5: % | B5: 0 | C5: 0 | D5: =+C5/$C$52 -> 0 | E5: =+$A$2*D5 -> 0 | F5: =+K5*0.05776% -> 0 | G5: =(C5+E5+F5) -> 0 | H5: =+(F5+E5+C5)*$B$7 -> 0 | I5: =(G5+H5)*19% -> 0 | J5: 0 | K5: =+(E5+C5)*1.15 -> 0 | L5: 0 | M5: 0 | N5: 0
C6: 0 | D6: =+C6/$C$52 -> 0 | E6: =+$A$2*D6 -> 0 | F6: =+K6*0.05776% -> 0 | G6: =(C6+E6+F6) -> 0 | H6: =+(F6+E6+C6)*$B$7 -> 0 | I6: =(G6+H6)*19% -> 0 | J6: 0 | K6: =+(E6+C6)*1.15 -> 0 | L6: 0 | M6: 0 | N6: 0
A7: DERECHOS | B7: 0.06 | C7: 0 | D7: =+C7/$C$52 -> 0 | E7: =+$A$2*D7 -> 0 | F7: =+K7*0.05776% -> 0 | G7: =(C7+E7+F7) -> 0 | H7: =+(F7+E7+C7)*$B$7 -> 0 | I7: =(G7+H7)*19% -> 0 | J7: 0 | K7: =+(E7+C7)*1.15 -> 0 | L7: 0 | M7: 0 | N7: 0
C8: 0 | D8: =+C8/$C$52 -> 0 | E8: =+$A$2*D8 -> 0 | F8: =+K8*0.05776% -> 0 | G8: =(C8+E8+F8) -> 0 | H8: =+(F8+E8+C8)*$B$7 -> 0 | I8: =(G8+H8)*19% -> 0 | J8: 0 | K8: =+(E8+C8)*1.15 -> 0 | L8: 0 | M8: 0 | N8: 0
C9: 0 | D9: =+C9/$C$52 -> 0 | E9: =+$A$2*D9 -> 0 | F9: =+K9*0.05776% -> 0 | G9: =(C9+E9+F9) -> 0 | H9: =+(F9+E9+C9)*$B$7 -> 0 | I9: =(G9+H9)*19% -> 0 | J9: 0 | K9: =+(E9+C9)*1.15 -> 0 | L9: 0 | M9: 0 | N9: 0
C10: 0 | D10: =+C10/$C$52 -> 0 | E10: =+$A$2*D10 -> 0 | F10: =+K10*0.05776% -> 0 | G10: =(C10+E10+F10) -> 0 | H10: =+(F10+E10+C10)*$B$7 -> 0 | I10: =(G10+H10)*19% -> 0 | J10: 0 | K10: =+(E10+C10)*1.15 -> 0 | L10: 0 | M10: 0 | N10: 0
C11: 0 | D11: =+C11/$C$52 -> 0 | E11: =+$A$2*D11 -> 0 | F11: =+K11*0.05776% -> 0 | G11: =(C11+E11+F11) -> 0 | H11: =+(F11+E11+C11)*$B$7 -> 0 | I11: =(G11+H11)*19% -> 0 | J11: 0 | K11: =+(E11+C11)*1.15 -> 0 | L11: 0 | M11: 0 | N11: 0
C12: 0 | D12: =+C12/$C$52 -> 0 | E12: =+$A$2*D12 -> 0 | F12: =+K12*0.05776% -> 0 | G12: =(C12+E12+F12) -> 0 | H12: =+(F12+E12+C12)*$B$7 -> 0 | I12: =(G12+H12)*19% -> 0 | J12: 0 | K12: =+(E12+C12)*1.15 -> 0 | L12: 0 | M12: 0 | N12: 0
C13: 0 | D13: =+C13/$C$52 -> 0 | E13: =+$A$2*D13 -> 0 | F13: =+K13*0.05776% -> 0 | G13: =(C13+E13+F13) -> 0 | H13: =+(F13+E13+C13)*$B$7 -> 0 | I13: =(G13+H13)*19% -> 0 | J13: 0 | K13: =+(E13+C13)*1.15 -> 0 | L13: 0 | M13: 0 | N13: 0
C14: 0 | D14: =+C14/$C$52 -> 0 | E14: =+$A$2*D14 -> 0 | F14: =+K14*0.05776% -> 0 | G14: =(C14+E14+F14) -> 0 | H14: =+(F14+E14+C14)*$B$7 -> 0 | I14: =(G14+H14)*19% -> 0 | J14: 0 | K14: =+(E14+C14)*1.15 -> 0 | L14: 0 | M14: 0 | N14: 0
C15: 0 | D15: =+C15/$C$52 -> 0 | E15: =+$A$2*D15 -> 0 | F15: =+K15*0.05776% -> 0 | G15: =(C15+E15+F15) -> 0 | H15: =+(F15+E15+C15)*$B$7 -> 0 | I15: =(G15+H15)*19% -> 0 | J15: 0 | K15: =+(E15+C15)*1.15 -> 0 | L15: 0 | M15: 0 | N15: 0
C16: 0 | D16: =+C16/$C$52 -> 0 | E16: =+$A$2*D16 -> 0 | F16: =+K16*0.05776% -> 0 | G16: =(C16+E16+F16) -> 0 | H16: =+(F16+E16+C16)*$B$7 -> 0 | I16: =(G16+H16)*19% -> 0 | J16: 0 | K16: =+(E16+C16)*1.15 -> 0 | L16: 0 | M16: 0 | N16: 0
C17: 0 | D17: =+C17/$C$52 -> 0 | E17: =+$A$2*D17 -> 0 | F17: =+K17*0.05776% -> 0 | G17: =(C17+E17+F17) -> 0 | H17: =+(F17+E17+C17)*$B$7 -> 0 | I17: =(G17+H17)*19% -> 0 | J17: 0 | K17: =+(E17+C17)*1.15 -> 0 | L17: 0 | M17: 0 | N17: 0
C18: 0 | D18: =+C18/$C$52 -> 0 | E18: =+$A$2*D18 -> 0 | F18: =+K18*0.05776% -> 0 | G18: =(C18+E18+F18) -> 0 | H18: =+(F18+E18+C18)*$B$7 -> 0 | I18: =(G18+H18)*19% -> 0 | J18: 0 | K18: =+(E18+C18)*1.15 -> 0 | L18: 0 | M18: 0 | N18: 0
C19: 0 | D19: =+C19/$C$52 -> 0 | E19: =+$A$2*D19 -> 0 | F19: =+K19*0.05776% -> 0 | G19: =(C19+E19+F19) -> 0 | H19: =+(F19+E19+C19)*$B$7 -> 0 | I19: =(G19+H19)*19% -> 0 | J19: 0 | K19: =+(E19+C19)*1.15 -> 0 | L19: 0 | M19: 0 | N19: 0
... C51: 0 | D51: =+C51/$C$52 -> 0 | E51: =+$A$2*D51 -> 0 | F51: =+K51*0.05776% -> 0 | G51: =(C51+E51+F51) -> 0 | H51: =+(F51+E51+C51)*$B$7 -> 0 | I51: =(G51+H51)*19% -> 0 | J51: 0 | K51: =+(E51+C51)*1.15 -> 0 | L51: 0 | M51: 0 | N51: 0
B52: Totales | C52: =SUM(C2:C51) -> 39960 | D52: =SUM(D2:D51) -> 1 | E52: =SUM(E2:E51) -> 2000 | F52: =+K52*0.05776% -> 27.87151 | G52: =SUM(G2:G51) -> 41987.872 | H52: =SUM(H2:H51) -> 2519.2723 | I52: =SUM(I2:I51) -> 8456.3573 | K52: =SUM(K2:K51) -> 48254

Sheet Prorrateo resumen
A1: ='Prorrateo General'!A1 -> Flete BL | B1: ='Prorrateo General'!E1 -> Valor Flete | C1: ='Prorrateo General'!J1 -> Referencia | D1: PRIMA | E1: ='Prorrateo General'!M1 -> Despacho | F1: Factura | G1: Monto
A2: ='Prorrateo General'!A2 -> 2000 | B2: ='Prorrateo General'!E2 -> 2000 | C2: ='Prorrateo General'!J2 -> 54415CLFA/25J09-1 | D2: ='Prorrateo General'!F2 -> 27.87151 | E2: ='Prorrateo General'!M2 -> 700603 | F2: ='Prorrateo General'!N2 -> BN25157785 | G2: ='Prorrateo General'!C2 -> 39960
B3: ='Prorrateo General'!E3 -> 0 | C3: ='Prorrateo General'!J3 -> 0 | D3: ='Prorrateo General'!F3 -> 0 | E3: ='Prorrateo General'!M3 -> 0 | F3: ='Prorrateo General'!N3 -> 0 | G3: ='Prorrateo General'!C3 -> 0
B4: ='Prorrateo General'!E4 -> 0 | C4: ='Prorrateo General'!J4 -> 0 | D4: ='Prorrateo General'!F4 -> 0 | E4: ='Prorrateo General'!M4 -> 0 | F4: ='Prorrateo General'!N4 -> 0 | G4: ='Prorrateo General'!C4 -> 0
B5: ='Prorrateo General'!E5 -> 0 | C5: ='Prorrateo General'!J5 -> 0 | D5: ='Prorrateo General'!F5 -> 0 | E5: ='Prorrateo General'!M5 -> 0 | F5: ='Prorrateo General'!N5 -> 0 | G5: ='Prorrateo General'!C5 -> 0
B6: ='Prorrateo General'!E6 -> 0 | C6: ='Prorrateo General'!J6 -> 0 | D6: ='Prorrateo General'!F6 -> 0 | E6: ='Prorrateo General'!M6 -> 0 | F6: ='Prorrateo General'!N6 -> 0 | G6: ='Prorrateo General'!C6 -> 0
B7: ='Prorrateo General'!E7 -> 0 | C7: ='Prorrateo General'!J7 -> 0 | D7: ='Prorrateo General'!F7 -> 0 | E7: ='Prorrateo General'!M7 -> 0 | F7: ='Prorrateo General'!N7 -> 0 | G7: ='Prorrateo General'!C7 -> 0
B8: ='Prorrateo General'!E8 -> 0 | C8: ='Prorrateo General'!J8 -> 0 | D8: ='Prorrateo General'!F8 -> 0 | E8: ='Prorrateo General'!M8 -> 0 | F8: ='Prorrateo General'!N8 -> 0 | G8: ='Prorrateo General'!C8 -> 0
B9: ='Prorrateo General'!E9 -> 0 | C9: ='Prorrateo General'!J9 -> 0 | D9: ='Prorrateo General'!F9 -> 0 | E9: ='Prorrateo General'!M9 -> 0 | F9: ='Prorrateo General'!N9 -> 0 | G9: ='Prorrateo General'!C9 -> 0
B10: ='Prorrateo General'!E10 -> 0 | C10: ='Prorrateo General'!J10 -> 0 | D10: ='Prorrateo General'!F10 -> 0 | E10: ='Prorrateo General'!M10 -> 0 | F10: ='Prorrateo General'!N10 -> 0 | G10: ='Prorrateo General'!C10 -> 0
B11: ='Prorrateo General'!E11 -> 0 | C11: ='Prorrateo General'!J11 -> 0 | D11: ='Prorrateo General'!F11 -> 0 | E11: ='Prorrateo General'!M11 -> 0 | F11: ='Prorrateo General'!N11 -> 0 | G11: ='Prorrateo General'!C11 -> 0
B12: ='Prorrateo General'!E12 -> 0 | C12: ='Prorrateo General'!J12 -> 0 | D12: ='Prorrateo General'!F12 -> 0 | E12: ='Prorrateo General'!M12 -> 0 | F12: ='Prorrateo General'!N12 -> 0 | G12: ='Prorrateo General'!C12 -> 0
B13: ='Prorrateo General'!E13 -> 0 | C13: ='Prorrateo General'!J13 -> 0 | D13: ='Prorrateo General'!F13 -> 0 | E13: ='Prorrateo General'!M13 -> 0 | F13: ='Prorrateo General'!N13 -> 0 | G13: ='Prorrateo General'!C13 -> 0
B14: ='Prorrateo General'!E14 -> 0 | C14: ='Prorrateo General'!J14 -> 0 | D14: ='Prorrateo General'!F14 -> 0 | E14: ='Prorrateo General'!M14 -> 0 | F14: ='Prorrateo General'!N14 -> 0 | G14: ='Prorrateo General'!C14 -> 0
... B31: ='Prorrateo General'!E31 -> 0 | C31: ='Prorrateo General'!J31 -> 0 | D31: ='Prorrateo General'!F31 -> 0 | E31: ='Prorrateo General'!M31 -> 0 | F31: ='Prorrateo General'!N31 -> 0 | G31: ='Prorrateo General'!C31 -> 0
B32: ='Prorrateo General'!E52 -> 2000 | D32: ='Prorrateo General'!F52 -> 27.87151 | G32: ='Prorrateo General'!C52 -> 39960
